Rk,Name,Date,To Team,From Team,Age,WAR3,Yrs,G,AB,R,H,HR,RBI,SB,BB,BA,OBP,SLG,OPS,W,L,ERA,WHIP,G,GS,SV,IP,H,HR,BB,SO
1,Manny Delcarmen\delcama01,2011-06-01,Texas Rangers,COL,29,1.9,6,27,1,0,0,0,0,0,0,.000,.000,.000,.000,11,8,3.97,1.377,298,0,3,292.2,268,24,135,249
2,Geno Espineli\espinge01,2011-05-05,San Francisco Giants,SFG,28,0.0,2,,,,,,,,,,,,,,,,,,,,,,,,
3,Alex Cintron\cintral01,2011-05-03,San Diego Padres,NYM,32,-1.8,9,,,,,,,,,,,,,,,,,,,,,,,,
4,Luis Figueroa\figuelu01,2011-04-23,Milwaukee Brewers,LAA,37,,9,,,,,,,,,,,,,,,,,,,,,,,,
5,Tug Hulett\hulettu01,2011-04-23,Washington Nationals,SEA,28,-0.7,2,,,,,,,,,,,,,,,,,,,,,,,,
6,Joe Bisenius\bisenjo01,2011-04-18,Chicago White Sox,WSN,28,-0.2,2,7,0,0,0,0,0,0,0,,,,,0,0,6.75,2.400,7,0,0,6.2,8,1,8,8
7,Blaine Boyer\boyerbl01,2011-04-18,Pittsburgh Pirates,ARI,29,-2.0,6,217,8,0,0,0,0,0,0,.000,.000,.000,.000,9,12,4.63,1.438,228,0,1,227.1,234,15,93,161
8,Brian Lawrence\lawrebr02,2011-04-15,Los Angeles Angels of Anaheim,FLA,35,,9,,,,,,,,,,,,,,,,,,,,,,,,
9,Doug Davis\davisdo02,2011-04-12,Chicago Cubs,MIL,35,2.8,12,211,402,12,34,0,13,0,4,.085,.096,.104,.200,91,101,4.38,1.504,297,277,0,1670.0,1754,178,757,1243
10,Manny Corpas\corpama01,2011-04-08,Texas Rangers,COL,28,0.7,5,267,6,0,0,0,0,0,2,.000,.250,.000,.250,12,16,3.93,1.336,280,0,34,286.0,302,26,80,206
11,Ron Mahay\mahayro01,2011-04-08,Arizona Diamondbacks,MIN,40,2.1,15,107,28,3,6,1,3,0,1,.214,.267,.429,.695,27,12,3.83,1.417,514,3,4,568.0,539,75,266,470
12,Dewayne Wise\wisede01,2011-04-06,Toronto Blue Jays,TOR,33,0.9,8,376,722,102,160,20,75,29,30,.222,.260,.382,.642,,,,,,,,,,,,
13,Doug Mathis\mathido01,2011-04-05,San Francisco Giants,TEX,28,0.3,3,2,0,0,0,0,0,0,0,,,,,3,3,4.84,1.615,45,6,1,87.1,106,14,35,44
14,Dan Meyer\meyerda02,2011-04-05,Pittsburgh Pirates,FLA,29,-0.3,5,82,2,0,0,0,0,0,0,.000,.000,.000,.000,3,9,5.46,1.548,103,7,2,113.2,119,16,57,92
15,Ryan Rowland-Smith\rowlary01,2011-04-04,Houston Astros,SEA,28,0.4,4,6,4,0,0,0,0,0,0,.000,.000,.000,.000,12,17,4.57,1.420,115,47,2,362.2,381,51,134,220
16,Jeff Suppan\suppaje01,2011-04-04,Kansas City Royals,STL,36,-2.1,16,254,430,27,75,1,24,1,23,.174,.221,.198,.419,138,143,4.69,1.460,442,411,0,2512.0,2809,333,858,1383
17,Joe Koshansky\koshajo01,2011-04-01,San Francisco Giants,MIL,29,0.1,3,,,,,,,,,,,,,,,,,,,,,,,,
18,Tim Wood\woodti01,2011-04-01,Pittsburgh Pirates,FLA,28,0.1,2,41,2,0,1,0,0,0,0,.500,.500,.500,1.000,1,1,4.32,1.600,44,0,1,50.0,55,4,25,26
19,Horacio Ramirez\ramirho01,2011-03-29,Los Angeles Angels of Anaheim,SFG,31,0.3,7,88,179,9,27,0,5,0,2,.151,.160,.179,.339,39,35,4.64,1.478,157,105,0,679.1,742,82,262,314
20,Josh Fields\fieldjo02,2011-03-28,Colorado Rockies,KCR,28,-1.4,5,217,713,95,167,34,107,3,69,.234,.303,.421,.724,,,,,,,,,,,,
21,Kevin Frandsen\frandke01,2011-03-28,Philadelphia Phillies,LAA,29,-0.4,5,228,568,65,138,7,53,6,36,.243,.302,.335,.636,,,,,,,,,,,,
22,Bronson Sardinha\sardibr01,2011-03-28,Colorado Rockies,COL,28,,3,,,,,,,,,,,,,,,,,,,,,,,,
23,Matt Treanor\treanma01,2011-03-28,Kansas City Royals,TEX,35,-0.6,7,360,973,85,221,13,97,2,99,.227,.311,.310,.621,,,,,,,,,,,,
24,Joe Inglett\inglejo01,2011-03-27,Houston Astros,MIL,33,3.6,5,313,781,97,223,6,76,19,65,.286,.345,.397,.742,0,0,0.00,0.000,1,0,0,1.0,0,0,0,0
25,Jason Botts\bottsja01,2011-03-26,Colorado Rockies,WSN,30,0.0,5,,,,,,,,,,,,,,,,,,,,,,,,
26,Kevin Millwood\millwke01,2011-03-25,New York Yankees,BAL,36,5.8,14,230,448,19,54,2,24,0,20,.121,.158,.167,.326,159,137,4.11,1.327,414,406,0,2505.0,2544,274,779,1940
27,Jesse English\englije01,2011-03-24,Cleveland Indians,WSN,26,0.1,1,7,0,0,0,0,0,0,0,,,,,0,0,3.86,1.714,7,0,0,7.0,10,0,2,4
28,Fernando Nieve\nievefe01,2011-03-24,Houston Astros,NYM,28,0.0,4,94,28,0,5,0,2,0,2,.179,.233,.179,.412,8,11,4.61,1.406,99,19,0,185.2,177,34,84,143
29,Brett Carroll\carrobr01,2011-03-22,Milwaukee Brewers,FLA,28,1.1,4,173,283,46,58,5,28,2,21,.205,.284,.325,.609,,,,,,,,,,,,
30,Chris Woodward\woodwch01,2011-03-13,Toronto Blue Jays,SEA,35,-0.1,11,648,1696,208,408,33,191,9,137,.241,.298,.367,.665,,,,,,,,,,,,
31,Jeff Baisley\baislje01,2011-03-08,Los Angeles Angels of Anaheim,OAK,28,-0.3,2,,,,,,,,,,,,,,,,,,,,,,,,
32,Wes Whisler\whislwe01,2011-03-08,Chicago White Sox,FLA,28,-0.1,1,,,,,,,,,,,,,,,,,,,,,,,,
33,Nick Johnson\johnsni01,2011-03-07,Cleveland Indians,NYY,32,2.5,9,794,2611,421,705,91,387,27,511,.270,.401,.443,.844,,,,,,,,,,,,
34,Steven Jackson\jacksst01,2011-03-05,Los Angeles Dodgers,PIT,29,-0.1,2,49,1,0,0,0,0,0,0,.000,.000,.000,.000,2,4,4.31,1.528,51,0,0,54.1,55,6,28,28
35,Edgar Gonzalez\gonzaed01,2011-03-02,Tampa Bay Rays,LAD,28,-0.1,7,80,63,1,11,0,2,0,0,.175,.188,.190,.378,14,25,5.88,1.560,106,41,0,323.0,391,56,113,207
36,Chad Durbin\durbich01,2011-03-01,Cleveland Indians,PHI,33,1.9,11,198,24,0,2,0,1,0,0,.083,.080,.083,.163,36,44,5.05,1.501,308,75,4,691.0,735,98,302,453
37,Elizardo Ramirez\ramirel01,2011-03-01,Texas Rangers,TEX,28,-0.4,6,,,,,,,,,,,,,,,,,,,,,,,,
38,Niuman Romero\romerni01,2011-03-01,Toronto Blue Jays,BOS,26,-0.2,2,12,18,3,2,0,0,0,1,.111,.158,.111,.269,,,,,,,,,,,,
39,Jack Egbert\egberja01,2011-02-26,New York Mets,NYM,28,-0.3,1,0,0,0,0,0,0,0,0,,,,,0,0,27.00,3.750,2,0,0,2.2,8,1,2,0
40,Jesus Feliciano\felicje01,2011-02-19,New York Mets,NYM,32,-0.2,1,54,108,12,25,0,3,1,6,.231,.276,.287,.563,,,,,,,,,,,,
41,Chris Shelton\sheltch01,2011-02-19,New York Mets,HOU,31,0.2,6,,,,,,,,,,,,,,,,,,,,,,,,
42,Andy Sisco\siscoan01,2011-02-19,New York Yankees,SFG,28,,5,,,,,,,,,,,,,,,,,,,,,,,,
43,Brett Tomko\tomkobr01,2011-02-19,Texas Rangers,OAK,38,1.1,13,307,456,23,71,0,29,0,19,.156,.189,.175,.365,100,102,4.65,1.365,389,266,2,1798.1,1883,251,572,1195
44,Vladimir Guerrero HOF\guerrvl01,2011-02-18,Baltimore Orioles,TEX,36,5.0,15,2002,7593,1268,2427,436,1433,179,720,.320,.383,.563,.946,,,,,,,,,,,,
45,John Maine\mainejo01,2011-02-17,Colorado Rockies,NYM,30,1.2,7,101,166,10,16,1,8,0,11,.096,.161,.120,.282,41,36,4.35,1.339,108,105,0,585.2,519,79,265,492
46,Russell Branyan\branyru01,2011-02-16,Arizona Diamondbacks,SEA,35,5.9,13,991,2807,394,657,189,453,14,385,.234,.330,.490,.820,,,,,,,,,,,,
47,Orlando Cabrera\cabreor01,2011-02-16,Cleveland Indians,CIN,36,2.6,14,1855,7112,946,1948,118,803,208,497,.274,.320,.395,.715,,,,,,,,,,,,
48,Lance Cormier\cormila01,2011-02-16,Los Angeles Dodgers,TBR,30,1.8,7,135,46,1,5,0,2,0,2,.109,.146,.130,.276,24,27,4.93,1.620,281,24,3,455.0,515,61,222,269
49,Geoff Geary\gearyge01,2011-02-16,San Diego Padres,LAD,34,0.7,7,,,,,,,,,,,,,,,,,,,,,,,,
50,Fernando Hernandez\hernafe03,2011-02-16,New York Yankees,OAK,26,-0.3,2,,,,,,,,,,,,,,,,,,,,,,,,
51,Scott Podsednik\podsesc01,2011-02-16,Toronto Blue Jays,LAD,35,0.7,10,1016,3707,544,1036,41,300,301,327,.279,.340,.381,.721,,,,,,,,,,,,
52,Jesus Colome\colomje01,2011-02-15,Colorado Rockies,TEX,33,-0.4,10,147,2,0,0,0,0,0,0,.000,.000,.000,.000,19,27,4.69,1.506,341,0,6,426.1,418,49,224,330
53,Jason Isringhausen\isrinja01,2011-02-15,New York Mets,CIN,38,-0.6,14,446,104,11,21,2,16,0,5,.202,.241,.317,.558,45,50,3.60,1.327,621,52,293,915.1,821,72,394,755
54,Andruw Jones\jonesan01,2011-02-14,New York Yankees,CHW,34,0.6,15,2025,7176,1150,1840,407,1222,152,834,.256,.338,.488,.826,,,,,,,,,,,,
55,Michael Restovich\restomi01,2011-02-12,Chicago White Sox,LAD,32,,8,,,,,,,,,,,,,,,,,,,,,,,,
56,Miguel Perez\perezmi02,2011-02-11,Washington Nationals,CLE,27,,5,,,,,,,,,,,,,,,,,,,,,,,,
57,Juan Rincon\rincoju01,2011-02-11,Los Angeles Dodgers,COL,32,-1.5,10,48,4,0,1,0,0,0,0,.250,.250,.250,.500,35,29,4.03,1.379,444,3,3,507.0,481,41,218,469
58,Randy Flores\florera01,2011-02-10,San Diego Padres,MIN,35,0.4,8,299,8,0,0,0,0,0,0,.000,.000,.000,.000,11,5,4.61,1.584,350,3,4,250.0,290,29,106,202
59,Luis Ayala\ayalalu01,2011-02-09,New York Yankees,COL,33,-1.9,6,342,14,0,4,0,0,0,0,.286,.286,.357,.643,29,39,3.67,1.289,377,0,18,390.1,411,40,92,255
60,Aaron Miles\milesaa01,2011-02-09,Los Angeles Dodgers,STL,34,0.5,8,796,2373,298,668,16,184,26,137,.282,.321,.354,.675,0,0,3.60,1.000,5,0,0,5.0,5,1,0,0
61,Chris Sampson\sampsch01,2011-02-09,Colorado Rockies,HOU,33,-0.5,5,165,55,5,7,0,0,0,1,.127,.143,.127,.270,20,15,4.42,1.330,174,33,3,358.2,390,40,87,176
62,Alfredo Aceves\aceveal01,2011-02-08,Boston Red Sox,NYY,28,3.1,3,4,2,0,0,0,0,0,0,.000,.000,.000,.000,14,1,3.21,1.063,59,5,2,126.0,104,15,30,87
63,Ronnie Belliard\belliro01,2011-02-08,New York Yankees,LAD,36,2.2,13,1484,5045,685,1377,114,601,43,488,.273,.338,.415,.753,,,,,,,,,,,,
64,Dave Bush\bushda01,2011-02-07,Texas Rangers,MIL,31,-1.3,7,154,263,18,34,0,13,0,9,.129,.164,.156,.320,56,68,4.66,1.298,193,184,0,1104.0,1147,160,286,744
65,Robby Hammock\hammoro01,2011-02-07,Arizona Diamondbacks,NYY,34,-0.3,5,180,479,62,122,12,48,6,38,.255,.313,.409,.722,,,,,,,,,,,,
66,Dale Thayer\thayeda01,2011-02-06,New York Mets,TBR,30,-0.3,2,1,1,0,0,0,0,0,0,.000,.000,.000,.000,0,0,7.47,1.660,12,0,1,15.2,25,4,1,10
67,Justin Christian\chrisju01,2011-02-05,San Francisco Giants,NYY,31,-0.2,1,24,40,6,10,0,6,7,3,.250,.302,.325,.627,,,,,,,,,,,,
68,Dennys Reyes\reyesde01,2011-02-05,Boston Red Sox,STL,34,2.7,14,421,56,2,4,0,0,1,2,.071,.103,.089,.193,35,35,4.18,1.545,669,40,4,725.0,722,61,398,641
69,Eric Chavez\chaveer01,2011-02-04,New York Yankees,OAK,33,-0.6,13,1320,4783,730,1276,230,787,47,565,.267,.343,.478,.821,,,,,,,,,,,,
70,Justin Duchscherer\duchsju01,2011-02-04,Baltimore Orioles,OAK,33,4.0,8,10,6,0,0,0,0,0,0,.000,.000,.000,.000,33,25,3.13,1.137,224,32,14,454.2,396,47,121,347
71,Jim Edmonds\edmonji01,2011-02-04,St. Louis Cardinals,CIN,41,2.0,17,2011,6858,1251,1949,393,1199,67,998,.284,.376,.527,.903,,,,,,,,,,,,
72,Gabe Gross\grossga01,2011-02-04,Seattle Mariners,OAK,31,2.0,7,657,1461,203,349,40,186,22,199,.239,.330,.385,.716,,,,,,,,,,,,
73,Mike Koplove\koplomi01,2011-02-04,San Diego Padres,SDP,34,,9,,,,,,,,,,,,,,,,,,,,,,,,
74,Mark Kotsay\kotsama01,2011-02-04,Milwaukee Brewers,CHW,35,-0.4,14,1624,5933,755,1654,121,663,95,509,.279,.335,.411,.746,,,,,,,,,,,,
75,Craig Stansberry\stanscr01,2011-02-04,Toronto Blue Jays,SDP,29,-0.2,3,,,,,,,,,,,,,,,,,,,,,,,,
76,Pedro Feliz\felizpe01,2011-02-03,Kansas City Royals,STL,36,-0.6,11,1302,4254,487,1065,140,598,13,230,.250,.288,.410,.698,,,,,,,,,,,,
77,Freddy Garcia\garcifr03,2011-02-03,New York Yankees,CHW,34,3.5,12,29,63,1,12,0,4,0,2,.190,.212,.222,.434,133,87,4.13,1.299,303,302,0,1929.2,1896,233,611,1390
78,Lastings Milledge\millela02,2011-02-03,Chicago White Sox,PIT,26,0.4,5,431,1496,165,403,33,167,40,104,.269,.328,.394,.723,,,,,,,,,,,,
79,Laynce Nix\nixla01,2011-02-03,Washington Nationals,CIN,30,2.1,8,483,1349,173,328,48,182,6,79,.243,.286,.425,.711,,,,,,,,,,,,
80,Randy Winn\winnra01,2011-02-03,Baltimore Orioles,STL,37,4.4,13,1717,6186,863,1759,110,662,215,526,.284,.343,.416,.759,,,,,,,,,,,,
81,Alex Cora\coraal01,2011-02-02,Washington Nationals,TEX,35,0.6,13,1182,3252,348,793,35,280,45,236,.244,.311,.341,.652,,,,,,,,,,,,
82,Felipe Lopez\lopezfe01,2011-02-02,Tampa Bay Rays,STL,31,3.6,10,1137,4196,588,1116,88,428,123,437,.266,.336,.395,.731,0,0,0.00,2.000,1,0,0,1.0,1,0,1,0
83,Cla Meredith\meredcl01,2011-02-02,Washington Nationals,BAL,28,0.5,6,225,2,0,0,0,0,0,0,.000,.000,.000,.000,14,14,3.62,1.341,286,0,1,283.1,300,24,80,189
84,Paul Hoover\hoovepa01,2011-02-01,Boston Red Sox,PHI,35,-0.3,7,40,100,10,25,0,8,0,5,.250,.286,.280,.566,,,,,,,,,,,,
85,James Houser\houseja01,2011-02-01,Baltimore Orioles,FLA,26,-0.2,1,0,0,0,0,0,0,0,0,,,,,0,0,20.25,3.000,1,0,0,1.1,3,1,1,1
86,Chris Jakubauskas\jakubch01,2011-02-01,Baltimore Orioles,PIT,32,-1.1,2,3,2,0,0,0,0,0,0,.000,.000,.000,.000,6,8,5.48,1.281,36,9,0,93.2,93,15,27,47
87,Josh Banks\banksjo01,2011-01-31,San Francisco Giants,HOU,28,-0.7,4,23,27,4,3,0,0,0,4,.111,.226,.111,.337,4,8,5.66,1.550,27,19,0,119.1,143,20,42,55
88,Johnny Damon\damonjo01,2011-01-31,Tampa Bay Rays,DET,37,11.3,16,2276,8947,1564,2571,215,1047,385,935,.287,.355,.436,.791,,,,,,,,,,,,
89,Greg Dobbs\dobbsgr01,2011-01-31,Florida Marlins,PHI,32,-0.6,7,555,1089,119,283,31,162,9,73,.260,.306,.411,.718,,,,,,,,,,,,
90,Jason Grilli\grillja01,2011-01-31,Philadelphia Phillies,CLE,34,1.8,8,81,14,1,3,1,3,0,0,.214,.214,.429,.643,18,18,4.74,1.478,238,16,2,356.2,366,35,161,262
91,Mark Hendrickson\hendrma01,2011-01-31,Baltimore Orioles,BAL,37,0.3,9,101,97,8,13,1,3,0,6,.134,.184,.216,.401,57,74,5.02,1.455,320,166,1,1158.0,1346,144,339,661
92,Rodrigo Lopez\lopezro02,2011-01-31,Atlanta Braves,ARI,35,-1.9,9,62,115,3,7,0,1,0,2,.061,.084,.061,.145,75,82,4.85,1.415,227,199,0,1246.2,1382,184,382,809
93,Manny Ramirez\ramirma02,2011-01-31,Tampa Bay Rays,CHW,39,9.0,18,2297,8227,1544,2573,555,1830,38,1329,.313,.411,.586,.998,,,,,,,,,,,,
94,Jamey Wright\wrighja01,2011-01-31,Seattle Mariners,SEA,36,-1.3,15,258,436,26,64,1,17,0,12,.147,.170,.193,.362,83,118,5.00,1.574,466,246,0,1760.1,1902,185,868,968
95,Ty Taubenheim\taubety01,2011-01-29,Texas Rangers,PHI,28,0.3,4,,,,,,,,,,,,,,,,,,,,,,,,
96,Eliezer Alfonzo\alfonel01,2011-01-28,Colorado Rockies,SEA,32,-0.8,5,168,516,42,122,16,58,1,14,.236,.266,.386,.652,,,,,,,,,,,,
97,Joe Beimel\beimejo01,2011-01-28,Pittsburgh Pirates,COL,34,3.6,10,501,44,3,10,0,1,0,2,.227,.261,.250,.511,23,31,4.16,1.476,532,23,4,562.1,597,48,233,315
98,Nick Green\greenni01,2011-01-28,Baltimore Orioles,SDP,32,-0.1,6,392,1000,142,237,16,96,6,77,.237,.305,.348,.653,,,,,,,,,,,,
99,Casey Kotchman\kotchca01,2011-01-28,Tampa Bay Rays,SEA,28,2.2,7,645,2088,232,540,49,284,9,192,.259,.326,.392,.717,,,,,,,,,,,,
100,Mike MacDougal\macdomi01,2011-01-28,Los Angeles Dodgers,STL,34,0.2,10,75,0,0,0,0,0,0,0,,,,,15,22,4.26,1.542,331,3,70,331.1,334,22,177,280
101,Luke Montz\montzlu01,2011-01-28,Florida Marlins,NYM,27,0.0,1,10,21,2,3,1,3,0,5,.143,.308,.286,.593,,,,,,,,,,,,
102,Timo Perez\perezti01,2011-01-28,Detroit Tigers,PHI,36,,10,,,,,,,,,,,,,,,,,,,,,,,,
103,Rich Rundles\rundlri01,2011-01-28,St. Louis Cardinals,STL,30,0.2,2,,,,,,,,,,,,,,,,,,,,,,,,
104,Merkin Valdez\valdeme01,2011-01-28,Los Angeles Dodgers,TOR,29,-0.1,4,65,0,0,0,0,0,0,0,,,,,3,1,5.53,1.727,69,1,0,68.1,77,7,41,53
105,Nick Bierbrodt\bierbni01,2011-01-27,Baltimore Orioles,COL,33,,9,,,,,,,,,,,,,,,,,,,,,,,,
106,Augie Ojeda\ojedaau01,2011-01-27,Chicago Cubs,ARI,36,2.3,9,502,1062,135,249,7,81,7,119,.234,.320,.313,.633,,,,,,,,,,,,
107,Alfredo Amezaga\amezaal01,2011-01-26,Colorado Rockies,LAD,33,1.5,8,544,1331,167,334,12,106,49,105,.251,.311,.341,.652,,,,,,,,,,,,
108,Greg Burke\burkegr01,2011-01-26,San Diego Padres,SDP,28,0.0,1,44,0,0,0,0,0,0,0,,,,,3,3,4.14,1.555,48,0,0,45.2,48,4,23,33
109,Jorge Cantu\cantujo01,2011-01-26,San Diego Padres,TEX,29,0.6,7,790,2984,359,819,101,460,11,182,.274,.320,.446,.766,,,,,,,,,,,,
110,Frank Francisco\francfr01,2011-01-25,Toronto Blue Jays,TEX,31,3.2,6,23,0,0,0,0,0,0,0,,,,,17,15,3.75,1.285,277,0,32,283.1,237,27,127,315
111,Chris Ray\raych01,2011-01-25,Seattle Mariners,SFG,29,0.0,5,47,0,0,0,0,0,0,0,,,,,15,17,4.02,1.357,254,0,51,248.1,226,33,111,208
112,Todd Coffey\coffeto01,2011-01-24,Washington Nationals,MIL,30,1.1,6,357,7,0,0,0,0,0,0,.000,.000,.000,.000,19,17,4.15,1.446,369,0,11,359.2,411,44,109,265
113,Shawn Hill\hillsh01,2011-01-24,Florida Marlins,TOR,30,-0.4,6,35,45,3,3,0,0,0,6,.067,.192,.067,.259,9,18,4.74,1.452,44,44,0,239.0,273,19,74,151
114,Andy LaRoche\larocan01,2011-01-24,Oakland Athletics,PIT,27,-0.1,4,363,1087,123,244,22,108,8,113,.224,.304,.338,.641,,,,,,,,,,,,
115,Micah Owings\owingmi01,2011-01-24,Arizona Diamondbacks,CIN,28,0.0,4,137,184,25,54,9,34,0,8,.293,.323,.538,.861,24,31,5.11,1.423,99,64,1,410.1,404,55,180,296
116,Willy Taveras\taverwi01,2011-01-24,Colorado Rockies,TEX,29,-0.4,7,670,2412,358,662,8,128,195,136,.274,.320,.327,.647,,,,,,,,,,,,
117,Chris Aguila\aguilch01,2011-01-21,Florida Marlins,FLA,32,-0.2,6,,,,,,,,,,,,,,,,,,,,,,,,
118,Tim Byrdak\byrdati01,2011-01-21,New York Mets,HOU,37,2.3,9,195,13,1,2,0,0,0,0,.154,.154,.231,.385,9,10,4.35,1.556,343,0,3,266.2,251,39,164,242
119,Dirk Hayhurst\hayhudi01,2011-01-21,Tampa Bay Rays,TOR,30,-0.4,2,,,,,,,,,,,,,,,,,,,,,,,,
120,Jason Lane\laneja01,2011-01-21,Toronto Blue Jays,TOR,34,,6,497,1208,165,291,61,189,10,123,.241,.314,.457,.771,,,,,,,,,,,,
121,Nick Punto\puntoni01,2011-01-21,St. Louis Cardinals,MIN,33,4.7,10,824,2468,325,610,13,198,91,278,.247,.321,.322,.644,,,,,,,,,,,,
122,Jeremy Reed\reedje03,2011-01-21,Milwaukee Brewers,CHW,30,-0.4,7,476,1243,141,315,12,110,20,100,.253,.311,.356,.666,,,,,,,,,,,,
123,Virgil Vasquez\vasquvi01,2011-01-21,Los Angeles Angels of Anaheim,TBR,29,-0.6,3,,,,,,,,,,,,,,,,,,,,,,,,
124,Jody Gerut\gerutjo01,2011-01-20,Seattle Mariners,SDP,33,3.9,6,574,1804,246,472,59,226,30,159,.262,.325,.433,.758,,,,,,,,,,,,
125,Scott Hairston\hairssc01,2011-01-20,New York Mets,SDP,31,5.5,7,564,1688,204,413,68,198,25,132,.245,.303,.435,.737,,,,,,,,,,,,
126,Warner Madrigal\madriwa01,2011-01-20,New York Yankees,TEX,27,-0.4,2,,,,,,,,,,,,,,,,,,,,,,,,
127,Nate Robertson\roberna01,2011-01-20,Seattle Mariners,PHI,33,-2.0,9,36,44,2,6,0,2,0,2,.136,.174,.159,.333,57,77,5.01,1.474,223,187,1,1152.1,1279,160,420,775
128,Chris Young\youngch03,2011-01-20,New York Mets,SDP,32,1.9,7,94,161,9,22,1,10,0,9,.137,.186,.193,.379,48,34,3.80,1.209,135,135,0,751.2,614,90,295,653
129,Brian Fuentes\fuentbr01,2011-01-19,Oakland Athletics,MIN,35,3.5,10,423,1,0,0,0,0,0,0,.000,.000,.000,.000,22,33,3.41,1.238,551,0,187,525.0,427,52,223,573
130,Jerry Hairston\hairsje02,2011-01-19,Washington Nationals,SDP,35,4.2,13,1148,3608,501,927,59,341,143,303,.257,.325,.370,.695,,,,,,,,,,,,
131,Chad Moeller\moellch01,2011-01-19,Colorado Rockies,NYY,36,0.1,11,501,1392,146,315,29,132,2,108,.226,.288,.352,.640,,,,,,,,,,,,
132,Carl Pavano\pavanca01,2011-01-19,Minnesota Twins,MIN,35,5.0,12,167,303,14,44,2,14,0,4,.145,.159,.205,.364,97,89,4.34,1.334,258,240,0,1503.2,1629,168,377,956
133,Chad Qualls\quallch01,2011-01-19,San Diego Padres,TBR,32,-0.4,7,416,6,0,0,0,0,0,0,.000,.000,.000,.000,32,26,3.82,1.272,460,0,51,468.2,466,46,130,383
134,Cody Ransom\ransoco01,2011-01-19,Arizona Diamondbacks,PHI,35,0.1,8,219,304,58,69,9,39,5,33,.227,.311,.391,.702,,,,,,,,,,,,
135,Grant Balfour\balfogr01,2011-01-18,Oakland Athletics,TBR,33,3.9,7,23,1,0,0,0,0,0,0,.000,.000,.000,.000,19,10,3.81,1.290,261,1,8,273.2,221,24,132,311
136,Willie Bloomquist\bloomwi01,2011-01-18,Arizona Diamondbacks,CIN,33,-0.2,9,748,1876,274,495,13,144,104,140,.264,.317,.336,.653,,,,,,,,,,,,
137,Robinzon Diaz\diazro01,2011-01-18,Texas Rangers,DET,27,0.6,2,,,,,,,,,,,,,,,,,,,,,,,,
138,Aaron Heilman\heilmaa01,2011-01-18,Arizona Diamondbacks,ARI,32,0.0,8,428,46,1,1,0,1,0,2,.022,.063,.022,.084,31,45,4.25,1.344,445,25,16,594.2,554,64,245,515
139,Gabe Kapler\kaplega01,2011-01-18,Los Angeles Dodgers,TBR,35,2.1,12,1104,2983,443,799,82,386,77,269,.268,.329,.420,.749,,,,,,,,,,,,
140,Brad Penny\pennybr01,2011-01-18,Detroit Tigers,STL,33,1.2,11,256,518,26,81,3,34,0,3,.156,.166,.212,.378,108,88,4.11,1.342,288,284,0,1689.1,1732,163,535,1176
141,Rafael Soriano\soriara01,2011-01-18,New York Yankees,TBR,31,4.3,9,172,4,0,0,0,0,0,0,.000,.000,.000,.000,11,20,2.73,1.000,342,8,88,395.0,277,39,118,422
142,Marcus Thames\thamema01,2011-01-18,Los Angeles Dodgers,NYY,34,0.4,9,604,1761,252,437,113,294,3,155,.248,.311,.491,.802,,,,,,,,,,,,
143,Wyatt Toregas\toregwy01,2011-01-18,Pittsburgh Pirates,CLE,28,-0.3,1,19,51,1,9,0,6,0,6,.176,.267,.196,.463,,,,,,,,,,,,
144,Gregg Zaun\zaungr01,2011-01-18,San Diego Padres,MIL,40,2.5,16,1232,3489,437,878,88,446,23,479,.252,.344,.388,.732,,,,,,,,,,,,
145,Jason Giambi\giambja01,2011-01-17,Colorado Rockies,COL,40,1.6,16,2039,6801,1176,1914,415,1365,20,1297,.281,.405,.524,.928,,,,,,,,,,,,
146,Willie Harris\harriwi02,2011-01-17,New York Mets,WSN,33,2.2,10,895,2157,324,516,37,187,101,267,.239,.327,.352,.679,,,,,,,,,,,,
147,Jon Rauch\rauchjo01,2011-01-17,Toronto Blue Jays,MIN,32,3.0,8,314,21,2,2,1,3,0,0,.095,.095,.238,.333,34,27,3.71,1.240,415,11,47,468.2,435,51,146,382
148,Jose Veras\verasjo01,2011-01-16,Pittsburgh Pirates,FLA,30,1.5,5,53,0,0,0,0,0,0,0,,,,,12,9,4.24,1.350,176,0,3,176.1,140,22,98,170
149,Bruce Chen\chenbr01,2011-01-15,Kansas City Royals,KCR,34,3.3,12,151,117,4,17,0,3,0,3,.145,.167,.154,.321,48,50,4.64,1.400,292,144,1,1009.2,1018,183,396,785
150,Kyle Farnsworth\farnsky01,2011-01-15,Tampa Bay Rays,ATL,35,1.9,12,403,54,3,4,0,3,0,2,.074,.121,.093,.213,34,55,4.39,1.389,713,26,27,837.0,802,119,361,841
151,Jim Miller\milleji02,2011-01-15,Colorado Rockies,BAL,29,0.2,1,0,0,0,0,0,0,0,0,,,,,0,2,1.17,1.826,8,0,1,7.2,9,0,5,8
152,Miguel Batista\batismi01,2011-01-14,St. Louis Cardinals,WSN,40,-1.3,16,332,299,19,28,2,9,0,11,.094,.125,.130,.256,96,110,4.51,1.490,588,238,41,1843.2,1914,186,833,1183
153,Jeff Francis\francje01,2011-01-14,Kansas City Royals,COL,30,1.6,6,142,254,16,32,0,15,0,21,.126,.191,.150,.340,55,50,4.77,1.429,150,149,0,882.2,974,109,287,603
154,Armando Gabino\gabinar01,2011-01-14,Baltimore Orioles,BAL,27,-0.6,2,0,0,0,0,0,0,0,0,,,,,0,0,15.12,3.120,7,1,0,8.1,18,4,8,4
155,Ian Snell\snellia01,2011-01-14,St. Louis Cardinals,SEA,29,-1.2,7,134,192,10,18,0,6,0,7,.094,.126,.104,.230,38,53,4.80,1.549,152,136,0,803.2,873,100,372,639
156,Jim Thome HOF\thomeji01,2011-01-14,Minnesota Twins,MIN,40,7.0,20,2392,7982,1534,2216,589,1624,19,1679,.278,.404,.559,.963,,,,,,,,,,,,
157,Raul Chavez\chavera01,2011-01-13,New York Mets,TOR,38,1.5,14,,,,,,,,,,,,,,,,,,,,,,,,
158,Kevin Gregg\greggke01,2011-01-13,Baltimore Orioles,TOR,33,2.0,8,220,6,0,0,0,0,0,0,.000,.000,.000,.000,25,33,4.03,1.328,406,8,122,535.1,488,54,223,495
159,Osiris Matos\matosos01,2011-01-13,San Francisco Giants,SFG,26,-0.5,2,,,,,,,,,,,,,,,,,,,,,,,,
160,Kevin Melillo\melilke01,2011-01-13,Los Angeles Angels of Anaheim,PIT,29,,3,,,,,,,,,,,,,,,,,,,,,,,,
161,Kevin Richardson\richake02,2011-01-13,Los Angeles Angels of Anaheim,TEX,30,0.1,1,,,,,,,,,,,,,,,,,,,,,,,,
162,Gil Velazquez\velazgi01,2011-01-13,Los Angeles Angels of Anaheim,BOS,31,-0.4,2,9,10,0,1,0,1,0,0,.100,.182,.100,.282,,,,,,,,,,,,
163,Reed Johnson\johnsre02,2011-01-12,Chicago Cubs,LAD,34,1.1,8,886,2783,418,781,54,321,37,156,.281,.340,.408,.748,,,,,,,,,,,,
164,Luis Montanez\montalu01,2011-01-12,Chicago Cubs,BAL,29,-0.9,3,93,251,25,56,4,23,1,10,.223,.257,.323,.579,,,,,,,,,,,,
165,Jorge Padilla\padiljo01,2011-01-12,Florida Marlins,NYM,31,-0.6,1,,,,,,,,,,,,,,,,,,,,,,,,
166,Clint Sammons\sammocl01,2011-01-12,Florida Marlins,ATL,28,-0.8,3,,,,,,,,,,,,,,,,,,,,,,,,
167,Taylor Tankersley\tanketa01,2011-01-12,New York Mets,FLA,28,-1.3,4,160,2,0,0,0,0,0,0,.000,.000,.000,.000,8,3,4.58,1.517,168,0,4,118.0,109,18,70,115
168,Joe Thurston\thursjo01,2011-01-12,Florida Marlins,ATL,31,-0.2,6,183,333,34,75,1,27,4,35,.225,.306,.324,.630,,,,,,,,,,,,
169,Brad Eldred\eldrebr01,2011-01-11,San Francisco Giants,COL,30,0.0,3,85,260,30,53,15,33,1,16,.204,.259,.419,.678,,,,,,,,,,,,
170,Terry Evans\evanste01,2011-01-11,San Francisco Giants,LAA,29,-0.1,3,20,19,5,3,1,3,0,2,.158,.238,.316,.554,,,,,,,,,,,,
171,Chris Stewart\stewach01,2011-01-11,San Francisco Giants,SDP,29,-0.2,4,26,48,4,9,0,3,0,3,.188,.235,.229,.464,,,,,,,,,,,,
172,Ryan Vogelsong\vogelry01,2011-01-11,San Francisco Giants,LAA,33,,6,113,59,3,11,0,3,0,4,.186,.246,.254,.500,10,22,5.86,1.590,120,33,0,315.0,347,36,154,216
173,Adam Kennedy\kennead01,2011-01-10,Seattle Mariners,WSN,35,4.2,12,1491,4925,624,1355,71,517,170,356,.275,.330,.387,.717,,,,,,,,,,,,
174,Fred Lewis\lewisfr02,2011-01-10,Cincinnati Reds,TOR,30,3.1,5,436,1359,239,370,24,117,51,144,.272,.348,.418,.766,,,,,,,,,,,,
175,Will Ohman\ohmanwi01,2011-01-10,Chicago White Sox,FLA,33,1.2,8,335,5,0,2,0,1,0,1,.400,.500,.400,.900,11,11,4.09,1.403,392,0,3,273.0,246,28,137,269
176,Hideki Okajima\okajihi01,2011-01-10,Boston Red Sox,BOS,35,3.8,4,16,1,0,0,0,0,0,0,.000,.000,.000,.000,16,8,3.06,1.239,254,0,6,238.0,214,26,81,209
177,Edgar Renteria\renteed01,2011-01-10,Cincinnati Reds,SFG,34,0.3,15,2056,7843,1166,2252,135,887,290,694,.287,.344,.400,.744,,,,,,,,,,,,
178,Sean White\whitese02,2011-01-10,Colorado Rockies,SEA,30,0.6,3,6,0,0,0,0,0,0,0,,,,,4,4,4.16,1.351,105,0,1,134.0,130,9,51,59
179,Josh Kinney\kinnejo01,2011-01-09,Chicago White Sox,STL,32,-0.5,3,45,1,0,0,0,0,0,0,.000,.000,.000,.000,1,0,4.56,1.331,45,0,0,47.1,43,5,20,38
180,Travis Dawkins\dawkitr01,2011-01-08,Chicago White Sox,FLA,32,,11,,,,,,,,,,,,,,,,,,,,,,,,
181,Adam LaRoche\larocad01,2011-01-07,Washington Nationals,ARI,31,4.6,7,989,3437,477,933,161,569,4,354,.271,.339,.488,.827,,,,,,,,,,,,
182,Ray Olmedo\olmedra01,2011-01-07,Tampa Bay Rays,MIL,30,,5,198,403,45,92,2,26,6,26,.228,.276,.293,.569,,,,,,,,,,,,
183,Derrek Lee\leede02,2011-01-06,Baltimore Orioles,ATL,35,8.8,14,1829,6527,1026,1843,312,1019,102,841,.282,.367,.498,.865,,,,,,,,,,,,
184,Scott Munter\muntesc01,2011-01-06,San Diego Padres,SDP,31,,5,,,,,,,,,,,,,,,,,,,,,,,,
185,Tony Pena\penato02,2011-01-06,Boston Red Sox,SFG,30,-2.9,4,,,,,,,,,,,,,,,,,,,,,,,,
186,Robb Quinlan\quinlro01,2011-01-06,Philadelphia Phillies,LAA,34,-1.1,8,458,1112,134,307,25,121,16,69,.276,.322,.401,.723,,,,,,,,,,,,
187,J.C. Romero\romerj.01,2011-01-06,Philadelphia Phillies,PHI,35,2.3,12,224,4,1,1,0,0,0,0,.250,.250,.500,.750,33,28,4.08,1.492,628,22,7,624.2,575,54,357,501
188,Delwyn Young\youngde04,2011-01-06,Philadelphia Phillies,PIT,29,-1.0,5,344,710,76,183,17,81,4,58,.258,.317,.393,.709,,,,,,,,,,,,
189,Adrian Beltre\beltrad01,2011-01-05,Texas Rangers,BOS,32,16.7,13,1835,6874,912,1889,278,1008,113,518,.275,.328,.462,.791,,,,,,,,,,,,
190,Hernan Iribarren\iribahe01,2011-01-05,Colorado Rockies,TEX,27,0.0,2,24,27,2,5,0,2,0,2,.185,.241,.296,.538,,,,,,,,,,,,
191,Cesar Izturis\izturce01,2011-01-05,Baltimore Orioles,BAL,31,3.3,10,1167,4025,418,1030,15,289,109,212,.256,.296,.323,.619,,,,,,,,,,,,
192,Eric Junge\jungeer01,2011-01-05,Los Angeles Angels of Anaheim,LAA,34,,8,,,,,,,,,,,,,,,,,,,,,,,,
193,Matt Kata\katama01,2011-01-05,Texas Rangers,HOU,33,-0.3,7,,,,,,,,,,,,,,,,,,,,,,,,
194,Brad Nelson\nelsobr02,2011-01-05,Texas Rangers,SEA,28,-0.3,2,,,,,,,,,,,,,,,,,,,,,,,,
195,Takashi Saito\saitota01,2011-01-05,Milwaukee Brewers,ATL,41,3.7,5,231,2,0,0,0,0,0,0,.000,.000,.000,.000,17,13,2.19,1.022,292,0,84,299.1,212,19,94,366
196,Clay Zavada\zavadcl01,2011-01-05,Arizona Diamondbacks,ARI,27,0.6,1,,,,,,,,,,,,,,,,,,,,,,,,
197,Josh Bard\bardjo01,2011-01-04,Seattle Mariners,SEA,33,-1.4,9,560,1697,157,435,37,209,1,170,.256,.323,.387,.710,,,,,,,,,,,,
198,Chris Carter\cartech01,2011-01-04,Tampa Bay Rays,NYM,28,-0.3,3,113,190,20,50,4,28,1,14,.263,.316,.374,.689,,,,,,,,,,,,
199,Chad Cordero\cordech01,2011-01-04,Toronto Blue Jays,NYM,29,0.0,7,295,5,0,0,0,0,0,0,.000,.000,.000,.000,20,15,2.89,1.208,314,0,128,330.1,277,40,122,298
200,Octavio Dotel\doteloc01,2011-01-04,Toronto Blue Jays,COL,37,2.4,12,394,75,3,5,0,1,0,5,.067,.136,.067,.202,49,43,3.75,1.256,630,34,105,834.1,669,108,379,1015
201,Jeremy Hermida\hermije01,2011-01-04,Cincinnati Reds,OAK,27,-0.3,6,589,1930,241,500,63,239,21,206,.259,.335,.417,.752,,,,,,,,,,,,
202,Taylor Buchholz\buchhta01,2011-01-03,New York Mets,BOS,29,2.2,4,125,54,0,5,0,2,0,4,.093,.155,.093,.248,19,21,4.39,1.211,135,27,1,285.0,267,36,78,203
203,Brian Burres\burrebr01,2011-01-03,Pittsburgh Pirates,PIT,30,-0.7,5,22,27,0,4,0,4,0,0,.148,.148,.222,.370,17,25,5.83,1.644,101,54,0,344.1,410,41,156,214
204,Chris Capuano\capuach01,2011-01-03,New York Mets,MIL,32,0.6,6,145,236,10,36,1,17,0,7,.153,.180,.191,.370,46,52,4.35,1.357,148,125,0,777.2,794,110,261,639
205,Pedro Feliciano\felicpe01,2011-01-03,New York Yankees,NYM,34,2.4,8,439,6,0,0,0,0,0,2,.000,.250,.000,.250,22,19,3.31,1.372,459,0,4,372.1,352,29,159,341
206,Brad Hawpe\hawpebr01,2011-01-03,San Diego Padres,TBR,32,1.0,7,831,2712,379,756,120,471,13,406,.279,.373,.490,.862,,,,,,,,,,,,
207,Hector Luna\lunahe01,2011-01-03,Boston Red Sox,FLA,31,-0.5,6,311,732,99,194,13,86,23,51,.265,.317,.388,.705,,,,,,,,,,,,
208,Miguel Olivo\olivomi01,2011-01-03,Seattle Mariners,TOR,32,4.6,9,866,2876,345,708,110,388,44,125,.246,.283,.427,.710,,,,,,,,,,,,
209,Guillermo Quiroz\quirogu01,2011-01-03,San Diego Padres,SEA,29,-0.7,7,101,255,19,53,2,28,1,17,.208,.267,.275,.542,,,,,,,,,,,,
210,Arthur Rhodes\rhodear01,2011-01-03,Texas Rangers,CIN,41,4.4,19,236,5,0,1,0,0,0,0,.200,.200,.200,.400,84,66,4.06,1.303,849,61,32,1154.2,999,118,505,1131
211,Brandon Webb\webbbr01,2011-01-03,Texas Rangers,ARI,32,5.2,7,,,,,,,,,,,,,,,,,,,,,,,,
212,Zach Miner\minerza01,2010-12-31,Kansas City Royals,DET,29,2.1,4,11,7,1,1,0,0,0,0,.143,.143,.286,.429,25,20,4.24,1.457,157,35,1,357.0,375,35,145,217
213,Casey Daigle\daiglca01,2010-12-23,San Francisco Giants,HOU,30,-0.8,3,32,18,2,2,0,0,0,0,.111,.111,.222,.333,3,4,7.16,1.967,33,10,0,71.2,102,13,39,30
214,Steve Holm\holmst01,2010-12-23,Minnesota Twins,SFG,31,-0.2,2,53,91,11,24,1,6,0,12,.264,.364,.396,.760,,,,,,,,,,,,
215,Zach Jackson\jacksza01,2010-12-23,Texas Rangers,TOR,28,-0.6,4,,,,,,,,,,,,,,,,,,,,,,,,
216,Matt Macri\macrima01,2010-12-23,Colorado Rockies,MIN,29,-0.1,2,,,,,,,,,,,,,,,,,,,,,,,,
217,Carlos Maldonado\maldoca03,2010-12-23,Washington Nationals,WSN,32,0.3,3,25,54,3,10,3,7,1,7,.185,.274,.370,.645,,,,,,,,,,,,
218,Omar Quintanilla\quintom01,2010-12-23,Texas Rangers,COL,29,0.4,5,216,500,60,110,2,32,3,40,.220,.277,.290,.567,,,,,,,,,,,,
219,Rene Rivera\riverre01,2010-12-23,Minnesota Twins,NYY,27,,3,53,150,11,34,3,10,1,4,.227,.252,.333,.585,,,,,,,,,,,,
220,Jeff Salazar\salazje01,2010-12-23,Colorado Rockies,BAL,30,-1.4,4,,,,,,,,,,,,,,,,,,,,,,,,
221,Gustavo Chacin\chacigu01,2010-12-22,Houston Astros,HOU,30,0.1,5,43,8,2,1,1,1,0,0,.125,.125,.500,.625,27,17,4.23,1.430,102,58,1,370.0,391,48,138,216
222,Craig Counsell\counscr01,2010-12-22,Milwaukee Brewers,MIL,40,5.0,15,1517,4584,628,1180,41,381,101,569,.257,.344,.348,.692,,,,,,,,,,,,
223,Sean Green\greense01,2010-12-22,Milwaukee Brewers,NYM,32,-0.8,5,96,2,0,0,0,0,0,0,.000,.000,.000,.000,10,11,4.36,1.508,250,0,2,258.0,262,13,127,196
224,Rick Ankiel\ankieri01,2010-12-21,Washington Nationals,ATL,31,2.8,8,416,1255,186,311,55,181,10,113,.248,.312,.441,.754,,,,,,,,,,,,
225,Travis Buck\bucktr01,2010-12-21,Cleveland Indians,OAK,27,0.1,4,170,587,74,147,18,71,7,64,.250,.330,.424,.755,,,,,,,,,,,,
226,Rich Harden\harderi01,2010-12-21,Oakland Athletics,TEX,29,7.3,8,44,76,4,11,0,1,0,1,.145,.156,.158,.314,55,34,3.63,1.283,155,145,0,845.2,694,88,391,858
227,Michel Hernandez\hernami01,2010-12-21,Baltimore Orioles,BAL,32,-0.2,7,,,,,,,,,,,,,,,,,,,,,,,,
228,Bobby Jenks\jenksbo01,2010-12-21,Boston Red Sox,CHW,30,3.7,6,20,0,0,0,0,0,0,0,,,,,14,18,3.40,1.206,329,0,173,341.2,302,25,110,334
229,Corey Patterson\patteco01,2010-12-21,Toronto Blue Jays,BAL,31,0.8,11,1097,3803,522,962,112,395,205,189,.253,.292,.404,.696,,,,,,,,,,,,
230,Michael Aubrey\aubremi01,2010-12-20,Washington Nationals,BAL,29,0.2,2,,,,,,,,,,,,,,,,,,,,,,,,
231,Ryan Braun\braunry01,2010-12-20,Los Angeles Angels of Anaheim,CHW,30,,4,,,,,,,,,,,,,,,,,,,,,,,,
232,Matthew Brown\brownma05,2010-12-20,Minnesota Twins,TEX,28,-0.5,3,,,,,,,,,,,,,,,,,,,,,,,,
233,Alberto Castillo\castial02,2010-12-20,Baltimore Orioles,BAL,35,0.4,3,1,0,0,0,0,0,0,0,,,,,2,0,4.81,1.541,62,0,0,48.2,55,8,20,42
234,Mike Cervenak\cervemi01,2010-12-20,Florida Marlins,NYM,34,-0.1,2,,,,,,,,,,,,,,,,,,,,,,,,
235,Jesse Crain\crainje01,2010-12-20,Chicago White Sox,MIN,29,1.9,7,20,1,0,0,0,0,0,0,.000,.000,.000,.000,33,21,3.42,1.257,376,0,3,382.0,339,32,141,264
236,Argenis Diaz\diazar01,2010-12-20,Detroit Tigers,PIT,24,-0.4,1,22,33,0,8,0,2,0,3,.242,.306,.273,.578,,,,,,,,,,,,
237,Chris George\georgch02,2010-12-20,Baltimore Orioles,BAL,31,,9,,,,,,,,,,,,,,,,,,,,,,,,
238,Bill Hall\hallbi03,2010-12-20,Houston Astros,BOS,31,1.2,9,984,3140,424,786,122,425,59,270,.250,.310,.443,.753,0,0,0.00,0.000,1,0,0,1.0,0,0,0,0
239,Orlando Hudson\hudsoor01,2010-12-20,San Diego Padres,MIN,33,9.1,9,1140,4167,573,1168,83,471,60,414,.280,.346,.424,.770,,,,,,,,,,,,
240,Chuck James\jamesch03,2010-12-20,Minnesota Twins,WSN,29,-1.1,4,67,97,5,8,0,3,0,3,.082,.110,.093,.203,24,19,4.48,1.372,64,55,0,315.2,305,62,128,234
241,Austin Kearns\kearnau01,2010-12-20,Cleveland Indians,NYY,31,-0.7,9,962,3282,480,843,115,471,31,431,.257,.353,.423,.775,,,,,,,,,,,,
242,Edwin Maysonet\maysoed01,2010-12-20,Milwaukee Brewers,HOU,29,0.3,2,46,76,9,21,1,7,0,5,.276,.317,.342,.659,,,,,,,,,,,,
243,Brian Stokes\stokebr01,2010-12-20,Toronto Blue Jays,LAA,31,0.5,5,96,3,0,2,0,0,0,0,.667,.667,.667,1.333,6,11,5.27,1.694,173,5,1,206.2,254,28,96,137
244,Tyler Yates\yatesty01,2010-12-20,Pittsburgh Pirates,PIT,33,-0.5,6,,,,,,,,,,,,,,,,,,,,,,,,
245,Ryan Budde\buddery01,2010-12-19,Toronto Blue Jays,LAA,31,0.1,4,29,33,2,7,1,4,0,1,.212,.235,.364,.599,,,,,,,,,,,,
246,Guillermo Mota\motagu01,2010-12-19,San Francisco Giants,SFG,37,0.7,12,604,38,4,8,2,7,0,0,.211,.211,.395,.605,37,42,3.92,1.270,665,0,9,755.2,667,77,293,595
247,Brian Barden\bardebr01,2010-12-18,Texas Rangers,FLA,30,-0.3,4,119,175,21,37,4,14,0,11,.211,.268,.303,.571,,,,,,,,,,,,
248,Endy Chavez\chaveen01,2010-12-18,Texas Rangers,TEX,33,1.0,9,827,2237,289,605,19,190,87,140,.270,.312,.367,.679,,,,,,,,,,,,
249,Mike Jacobs\jacobmi02,2010-12-18,Colorado Rockies,TOR,30,-2.3,6,556,1930,244,489,100,310,5,166,.253,.313,.475,.787,,,,,,,,,,,,
250,Dan Wheeler\wheelda01,2010-12-18,Boston Red Sox,TBR,33,2.7,11,277,7,1,1,0,0,0,0,.143,.143,.143,.286,23,41,3.84,1.216,530,9,43,579.0,525,79,179,514
251,Jeremy Accardo\accarje01,2010-12-17,Baltimore Orioles,TOR,29,-0.2,6,70,7,0,1,0,0,0,0,.143,.143,.143,.286,7,17,3.95,1.335,204,0,38,209.2,203,16,77,153
252,Matt Antonelli\antonma01,2010-12-17,Washington Nationals,SDP,26,-0.3,2,,,,,,,,,,,,,,,,,,,,,,,,
253,Henry Blanco\blanche01,2010-12-17,Arizona Diamondbacks,NYM,39,0.4,13,863,2463,245,559,60,265,5,225,.227,.291,.363,.654,,,,,,,,,,,,
254,Fernando Cabrera\cabrefe01,2010-12-17,Oakland Athletics,BOS,29,-0.5,7,5,0,0,0,0,0,0,0,,,,,8,7,5.24,1.534,132,0,1,175.1,171,32,98,193
255,Kevin Correia\correke01,2010-12-17,Pittsburgh Pirates,SDP,30,-1.2,8,228,183,10,23,0,9,0,10,.126,.171,.142,.313,36,43,4.57,1.441,231,105,0,741.0,772,87,296,546
256,Chad Gaudin\gaudich01,2010-12-17,Washington Nationals,NYY,28,-0.7,8,59,32,1,1,0,0,0,2,.031,.088,.031,.119,35,39,4.61,1.514,258,75,2,661.2,694,79,308,518
257,Brian Gordon\gordobr01,2010-12-17,Philadelphia Phillies,PHI,32,0.1,1,0,0,0,0,0,0,0,0,,,,,0,0,2.25,1.000,3,0,0,4.0,4,0,0,1
258,Xavier Nady\nadyxa01,2010-12-17,Arizona Diamondbacks,CHC,32,2.4,9,798,2574,323,713,93,358,16,161,.277,.331,.445,.776,,,,,,,,,,,,
259,Magglio Ordonez\ordonma01,2010-12-17,Detroit Tigers,DET,37,4.2,14,1756,6649,1043,2072,289,1204,92,628,.312,.372,.511,.883,,,,,,,,,,,,
260,Joel Peralta\peraljo01,2010-12-17,Tampa Bay Rays,WSN,35,0.8,6,76,4,1,1,0,2,0,0,.250,.250,.500,.750,5,11,4.22,1.219,260,0,2,322.1,308,48,85,262
261,Clay Timpner\timpncl01,2010-12-17,Detroit Tigers,SFG,28,-0.1,2,,,,,,,,,,,,,,,,,,,,,,,,
262,Kerry Wood\woodke02,2010-12-17,Chicago Cubs,NYY,34,3.2,12,278,345,23,59,7,32,0,11,.171,.196,.249,.445,83,68,3.65,1.260,381,178,62,1320.1,1030,142,634,1519
263,Matt Albers\alberma01,2010-12-16,Boston Red Sox,BAL,28,0.9,5,47,34,0,2,0,0,0,0,.059,.059,.059,.118,15,25,5.11,1.557,181,23,0,317.1,345,32,149,206
264,Yhency Brazoban\brazoyh01,2010-12-16,Texas Rangers,NYM,31,0.0,5,114,3,0,0,0,0,0,0,.000,.000,.000,.000,10,12,4.70,1.426,116,0,21,115.0,109,13,55,100
265,Lenny DiNardo\dinarle01,2010-12-16,Boston Red Sox,OAK,31,-1.4,6,,,,,,,,,,,,,,,,,,,,,,,,
266,Edwin Encarnacion\encared01,2010-12-16,Toronto Blue Jays,OAK,28,2.2,6,652,2250,308,580,100,337,21,227,.258,.336,.453,.790,,,,,,,,,,,,
267,Matt Guerrier\guerrma02,2010-12-16,Los Angeles Dodgers,MIN,32,3.0,7,28,2,0,0,0,0,0,0,.000,.000,.000,.000,19,25,3.38,1.244,393,3,5,472.0,440,58,147,310
268,Rich Hill\hillri01,2010-12-16,Boston Red Sox,BOS,31,-0.6,6,65,114,1,14,0,6,0,2,.123,.138,.149,.287,22,20,4.82,1.357,84,70,0,399.1,364,55,178,358
269,Andrew Miller\millean01,2010-12-16,Boston Red Sox,BOS,26,-3.1,5,56,68,1,4,0,3,0,0,.059,.059,.059,.118,15,26,5.84,1.736,79,54,0,294.1,337,28,174,238
270,Chien-Ming Wang\wangch01,2010-12-16,Washington Nationals,WSN,31,0.5,5,6,14,1,0,0,0,0,0,.000,.000,.000,.000,55,26,4.16,1.339,109,104,1,670.2,701,41,197,310
271,Randy Williams\willira01,2010-12-16,Boston Red Sox,CHW,35,0.2,4,33,1,0,0,0,0,0,0,.000,.000,.000,.000,3,3,5.74,1.873,90,0,0,73.2,86,9,52,69
272,Doug Bernier\bernido01,2010-12-15,New York Yankees,PIT,31,-0.1,1,2,4,0,0,0,0,0,0,.000,.000,.000,.000,,,,,,,,,,,,
273,Randy Choate\choatra01,2010-12-15,Florida Marlins,TBR,35,0.6,10,122,5,0,0,0,0,0,0,.000,.000,.000,.000,10,10,4.39,1.386,342,0,5,246.0,226,12,115,197
274,Sammy Gervacio\gervasa01,2010-12-15,Houston Astros,HOU,26,0.4,2,35,0,0,0,0,0,0,0,,,,,1,2,3.65,1.338,35,0,0,24.2,20,2,13,28
275,Cliff Lee\leecl02,2010-12-15,Philadelphia Phillies,TEX,32,17.2,9,26,68,2,9,0,1,0,1,.132,.145,.162,.307,102,61,3.85,1.256,222,218,0,1409.0,1419,150,350,1085
276,Russell Martin\martiru01,2010-12-15,New York Yankees,LAD,28,8.2,5,667,2344,347,638,54,300,66,319,.272,.365,.396,.761,,,,,,,,,,,,
277,Gustavo Molina\molingu01,2010-12-15,New York Yankees,BOS,29,-0.3,3,23,41,2,5,0,1,0,2,.122,.159,.146,.305,,,,,,,,,,,,
278,Mark Prior\priorma01,2010-12-15,New York Yankees,TEX,30,,8,,,,,,,,,,,,,,,,,,,,,,,,
279,Andy Tracy\tracyan01,2010-12-15,Arizona Diamondbacks,PHI,37,0.2,10,,,,,,,,,,,,,,,,,,,,,,,,
280,Denny Bautista\bautide01,2010-12-14,Seattle Mariners,SFG,30,0.2,7,91,8,0,2,0,2,0,0,.250,.250,.250,.500,11,15,5.88,1.688,131,21,0,223.1,246,21,131,180
281,Juan Castro\castrju01,2010-12-14,Los Angeles Dodgers,LAD,39,-2.9,16,1096,2613,251,597,36,233,5,148,.228,.268,.327,.595,,,,,,,,,,,,
282,Matt Diaz\diazma02,2010-12-14,Pittsburgh Pirates,ATL,33,1.3,8,559,1504,185,453,43,192,28,84,.301,.350,.456,.806,,,,,,,,,,,,
283,Chris Gimenez\gimench01,2010-12-14,Seattle Mariners,CLE,28,-0.6,2,73,169,18,27,4,15,1,25,.160,.267,.272,.539,,,,,,,,,,,,
284,Gerald Laird\lairdge01,2010-12-14,St. Louis Cardinals,DET,31,2.7,8,598,1908,255,461,34,192,19,142,.242,.300,.358,.658,,,,,,,,,,,,
285,Ryan Langerhans\langery01,2010-12-14,Seattle Mariners,SEA,31,1.9,8,572,1186,168,271,30,119,10,179,.228,.333,.374,.707,,,,,,,,,,,,
286,Hideki Matsui\matsuhi01,2010-12-14,Oakland Athletics,LAA,37,5.4,8,1061,3830,591,1109,161,681,12,483,.290,.369,.479,.848,,,,,,,,,,,,
287,Brandon McCarthy\mccarbr01,2010-12-14,Oakland Athletics,TEX,27,1.1,5,6,9,0,0,0,0,0,0,.000,.000,.000,.000,20,24,4.56,1.363,110,56,0,372.2,366,55,142,251
288,Dioner Navarro\navardi01,2010-12-14,Los Angeles Dodgers,TBR,27,1.7,7,538,1766,189,439,34,180,10,148,.249,.309,.356,.666,,,,,,,,,,,,
289,Lyle Overbay\overbly01,2010-12-14,Pittsburgh Pirates,TOR,34,8.0,10,1138,3889,523,1066,122,524,13,511,.274,.358,.447,.805,,,,,,,,,,,,
290,Royce Ring\ringro01,2010-12-14,Seattle Mariners,NYY,30,-1.5,5,87,0,0,0,0,0,0,0,,,,,3,3,5.29,1.574,99,0,0,68.0,65,5,42,55
291,Matt Stairs\stairma01,2010-12-14,Washington Nationals,SDP,43,0.6,18,1839,5139,766,1356,265,897,30,708,.264,.357,.481,.837,,,,,,,,,,,,
292,Andy Van Hekken\vanhean01,2010-12-14,Houston Astros,HOU,31,,8,,,,,,,,,,,,,,,,,,,,,,,,
293,J.P. Howell\howeljp01,2010-12-13,Tampa Bay Rays,TBR,28,4.1,5,14,10,1,2,0,1,0,0,.200,.200,.200,.400,18,20,4.47,1.394,166,33,20,322.0,303,34,146,307
294,Dustin Moseley\moseldu01,2010-12-13,San Diego Padres,NYY,29,-0.1,5,5,0,0,0,0,0,0,0,,,,,12,11,5.28,1.517,80,32,0,233.1,275,32,79,131
295,Koji Uehara\ueharko01,2010-12-13,Baltimore Orioles,BAL,36,2.7,2,2,2,0,0,0,0,0,1,.000,.333,.000,.333,3,6,3.58,1.130,55,12,13,110.2,108,12,17,103
296,Eugenio Velez\velezeu01,2010-12-13,Los Angeles Dodgers,SFG,29,-1.0,4,225,626,84,160,8,71,30,38,.256,.300,.388,.688,,,,,,,,,,,,
297,Carl Crawford\crawfca02,2010-12-11,Boston Red Sox,TBR,29,14.5,9,1235,4992,765,1480,104,592,409,293,.296,.337,.444,.781,,,,,,,,,,,,
298,Tony Gwynn\gwynnto02,2010-12-11,Los Angeles Dodgers,SDP,28,5.2,5,366,924,112,225,5,56,42,107,.244,.323,.314,.637,,,,,,,,,,,,
299,Jonah Bayliss\baylijo01,2010-12-10,Tampa Bay Rays,HOU,30,,5,,,,,,,,,,,,,,,,,,,,,,,,
300,Melky Cabrera\cabreme01,2010-12-10,Kansas City Royals,ATL,26,1.3,6,716,2381,300,635,40,270,51,213,.267,.328,.379,.707,,,,,,,,,,,,
301,Buck Coats\coatsbu01,2010-12-10,Washington Nationals,CHW,29,0.1,4,,,,,,,,,,,,,,,,,,,,,,,,
302,Jack Cust\custja01,2010-12-10,Seattle Mariners,OAK,32,5.9,9,603,1882,292,462,102,300,6,400,.245,.378,.452,.830,,,,,,,,,,,,
303,Scott Downs\downssc01,2010-12-10,Los Angeles Angels of Anaheim,TOR,35,5.3,9,50,45,3,3,0,1,0,3,.067,.125,.067,.192,27,28,3.79,1.356,379,50,16,570.2,566,58,208,446
304,Wil Nieves\nievewi01,2010-12-10,Milwaukee Brewers,WSN,33,-0.4,7,262,701,53,159,5,73,2,44,.227,.273,.297,.570,,,,,,,,,,,,
305,Scott Olsen\olsensc01,2010-12-10,Pittsburgh Pirates,WSN,27,0.4,6,128,213,8,32,0,15,0,7,.150,.177,.174,.351,37,49,4.85,1.479,130,127,0,723.0,778,108,291,528
306,George Sherrill\sherrge01,2010-12-10,Atlanta Braves,LAD,34,2.5,7,113,0,0,0,0,0,0,1,,1.000,,,16,16,3.76,1.331,389,0,56,287.0,241,24,141,282
307,Jonathan Van Every\vanevjo01,2010-12-10,Washington Nationals,PIT,31,-0.1,3,39,47,7,12,2,9,0,5,.255,.327,.447,.774,0,0,10.80,2.400,2,0,0,1.2,3,1,1,1
308,Jason Varitek\varitja01,2010-12-10,Boston Red Sox,BOS,39,2.7,14,1478,4877,632,1258,182,721,25,593,.258,.343,.436,.778,,,,,,,,,,,,
309,Donnie Veal\vealdo01,2010-12-10,Pittsburgh Pirates,PIT,26,-0.2,1,19,0,0,0,0,0,0,0,,,,,1,0,7.16,2.327,19,0,0,16.1,18,2,20,16
310,D.J. Carrasco\carradj01,2010-12-09,New York Mets,ARI,34,2.9,6,68,15,0,0,0,0,0,0,.000,.000,.000,.000,23,18,4.31,1.443,244,23,2,440.2,453,36,183,285
311,Vicente Padilla\padilvi01,2010-12-09,Los Angeles Dodgers,LAD,33,4.3,12,210,250,13,27,0,17,0,16,.108,.170,.132,.302,104,90,4.31,1.373,321,237,2,1512.2,1546,174,531,1061
312,Ronny Paulino\pauliro01,2010-12-09,New York Mets,FLA,30,2.1,6,475,1576,157,431,31,192,4,129,.273,.328,.383,.711,,,,,,,,,,,,
313,Boof Bonser\bonsebo01,2010-12-08,New York Mets,OAK,29,-1.6,4,6,6,1,0,0,0,0,0,.000,.000,.000,.000,19,25,5.18,1.459,111,60,0,416.2,475,63,133,334
314,Miguel Cairo\cairomi01,2010-12-08,Cincinnati Reds,CIN,37,1.2,15,1318,3561,462,951,32,348,132,221,.267,.317,.361,.678,,,,,,,,,,,,
315,Jeff Francoeur\francje02,2010-12-08,Kansas City Royals,TEX,27,0.9,6,845,3196,402,856,101,465,23,168,.268,.310,.425,.735,,,,,,,,,,,,
316,Mike Hampton\hamptmi01,2010-12-08,Arizona Diamondbacks,ARI,38,0.7,16,423,725,97,178,16,79,3,47,.246,.294,.356,.650,148,115,4.06,1.442,419,355,1,2268.1,2370,200,901,1387
317,Paul Konerko\konerpa01,2010-12-08,Chicago White Sox,CHW,35,7.7,14,1849,6642,971,1861,365,1156,8,733,.280,.356,.498,.854,,,,,,,,,,,,
318,Carlos Pena\penaca01,2010-12-08,Chicago Cubs,TBR,33,10.3,10,1073,3620,559,871,230,650,23,582,.241,.351,.490,.841,,,,,,,,,,,,
319,Paul Phillips\phillpa01,2010-12-08,Cleveland Indians,COL,34,0.1,7,91,221,27,58,3,26,0,11,.262,.298,.357,.655,,,,,,,,,,,,
320,Derek Jeter HOF\jeterde01,2010-12-07,New York Yankees,NYY,37,11.3,16,2295,9322,1685,2926,234,1135,323,948,.314,.385,.452,.837,,,,,,,,,,,,
321,J.J. Putz\putzjj01,2010-12-07,Arizona Diamondbacks,CHW,34,1.9,8,47,0,0,0,0,0,0,0,,,,,30,24,3.19,1.176,397,0,106,406.1,340,37,138,421
322,Mariano Rivera HOF\riverma01,2010-12-07,New York Yankees,NYY,41,10.3,16,58,3,0,0,0,1,0,1,.000,.250,.000,.250,74,55,2.23,1.003,978,10,559,1150.0,887,62,267,1051
323,Ty Wigginton\wiggity01,2010-12-07,Colorado Rockies,BAL,33,2.3,9,1060,3706,457,990,143,501,33,291,.267,.326,.446,.772,,,,,,,,,,,,
324,Russ Adams\adamsru01,2010-12-06,New York Mets,NYM,30,-0.1,6,,,,,,,,,,,,,,,,,,,,,,,,
325,Brian Bass\bassbr01,2010-12-06,Philadelphia Phillies,PIT,29,-0.3,3,11,2,0,0,0,0,0,0,.000,.000,.000,.000,9,7,5.16,1.628,101,4,1,183.0,213,23,85,104
326,Aaron Harang\haranaa01,2010-12-06,San Diego Padres,CIN,33,1.7,9,212,438,5,41,1,17,0,3,.094,.104,.112,.215,81,87,4.33,1.345,240,234,0,1451.2,1546,197,407,1205
327,Melvin Mora\morame01,2010-12-06,Arizona Diamondbacks,COL,39,1.9,12,1514,5295,789,1474,171,738,93,518,.278,.353,.435,.788,,,,,,,,,,,,
328,Trent Oeltjen\oeltjtr01,2010-12-06,Los Angeles Dodgers,LAD,28,0.0,2,38,93,16,22,3,5,3,5,.237,.280,.430,.710,,,,,,,,,,,,
329,Dusty Ryan\ryandu01,2010-12-06,New York Mets,SDP,26,0.1,2,,,,,,,,,,,,,,,,,,,,,,,,
330,Omir Santos\santoom01,2010-12-06,Detroit Tigers,NYM,30,0.0,2,107,291,28,74,7,40,0,15,.254,.290,.381,.671,,,,,,,,,,,,
331,Shane Loux\louxsh01,2010-12-05,San Francisco Giants,HOU,31,-0.4,4,0,0,0,0,0,0,0,0,,,,,3,7,6.14,1.618,39,13,0,118.2,156,13,36,38
332,Donny Lucy\lucydo01,2010-12-05,Chicago White Sox,CHW,28,0.2,2,15,30,2,8,1,2,1,2,.267,.333,.467,.800,,,,,,,,,,,,
333,Sam Narron\narrosa02,2010-12-05,Milwaukee Brewers,MIL,29,,6,,,,,,,,,,,,,,,,,,,,,,,,
334,Jailen Peguero\pegueja01,2010-12-05,Houston Astros,HOU,30,0.0,3,,,,,,,,,,,,,,,,,,,,,,,,
335,Wily Mo Pena\penawi01,2010-12-05,Arizona Diamondbacks,SDP,29,-1.3,7,560,1590,196,402,77,225,12,106,.253,.307,.447,.753,,,,,,,,,,,,
336,Brad Snyder\snydebr02,2010-12-05,Chicago Cubs,CHC,29,0.0,1,12,27,1,5,0,5,0,1,.185,.214,.222,.437,,,,,,,,,,,,
337,Jayson Werth\werthja01,2010-12-05,Washington Nationals,PHI,32,12.8,8,775,2519,433,684,120,406,77,361,.272,.367,.481,.848,,,,,,,,,,,,
338,Lance Berkman\berkmla01,2010-12-04,St. Louis Cardinals,NYY,35,11.7,12,1629,5666,1017,1675,327,1099,82,1057,.296,.409,.545,.954,,,,,,,,,,,,
339,Jack Hannahan\hannaja01,2010-12-04,Cleveland Indians,BOS,31,3.5,4,290,856,91,192,16,90,4,107,.224,.311,.347,.658,,,,,,,,,,,,
340,Rod Barajas\barajro01,2010-12-03,Los Angeles Dodgers,LAD,35,3.5,12,912,2834,338,676,109,402,2,156,.239,.284,.412,.696,,,,,,,,,,,,
341,Jason Bergmann\bergmja01,2010-12-03,Boston Red Sox,WSN,29,-1.5,6,151,90,4,6,0,0,0,3,.067,.097,.067,.163,12,24,5.04,1.419,155,50,0,389.2,400,65,153,299
342,Pat Burrell\burrepa01,2010-12-03,San Francisco Giants,SFG,34,3.4,11,1548,5320,750,1351,285,955,7,899,.254,.362,.475,.837,,,,,,,,,,,,
343,Jorge De La Rosa\rosajo01,2010-12-03,Colorado Rockies,COL,30,4.6,7,140,154,8,20,0,13,0,1,.130,.135,.156,.290,49,47,5.02,1.523,178,116,0,710.2,723,84,359,630
344,Brandon Duckworth\duckwbr01,2010-12-03,Boston Red Sox,PHI,35,0.6,9,,,,,,,,,,,,,,,,,,,,,,,,
345,Adam Dunn\dunnad01,2010-12-03,Chicago White Sox,WSN,31,2.9,10,1448,4975,865,1246,354,880,59,990,.250,.381,.521,.902,,,,,,,,,,,,
346,Waldis Joaquin\joaquwa01,2010-12-03,San Francisco Giants,CHW,24,-0.2,2,14,0,0,0,0,0,0,0,,,,,0,0,5.87,1.957,14,0,0,15.1,16,1,14,14
347,Luis Perdomo\perdolu01,2010-12-03,San Diego Padres,SDP,27,-0.4,2,35,6,0,0,0,0,0,0,.000,.000,.000,.000,1,0,4.87,1.508,36,0,0,61.0,58,12,34,55
348,Gregorio Petit\petitgr01,2010-12-03,San Diego Padres,TEX,26,-0.1,2,25,54,6,15,0,1,0,2,.278,.304,.333,.637,,,,,,,,,,,,
349,A.J. Pierzynski\pierza.01,2010-12-03,Chicago White Sox,CHW,34,3.4,13,1365,4852,575,1379,120,605,13,207,.284,.324,.424,.747,,,,,,,,,,,,
350,Drew Sutton\suttodr01,2010-12-03,Boston Red Sox,CLE,28,0.3,2,55,105,15,24,3,17,0,10,.229,.302,.381,.683,,,,,,,,,,,,
351,Erik Bedard\bedarer01,2010-12-02,Seattle Mariners,SEA,32,3.2,7,7,15,0,4,0,1,0,1,.267,.313,.267,.579,51,41,3.71,1.322,144,141,0,822.0,762,75,325,801
352,Ruben Gotay\gotayru01,2010-12-02,Florida Marlins,STL,28,0.0,6,,,,,,,,,,,,,,,,,,,,,,,,
353,Eric Hinske\hinsker01,2010-12-02,Atlanta Braves,ATL,33,2.1,9,1127,3377,514,857,124,475,61,406,.254,.336,.439,.776,,,,,,,,,,,,
354,R.J. Swindle\swindrj01,2010-12-02,Tampa Bay Rays,TBR,27,-0.6,2,,,,,,,,,,,,,,,,,,,,,,,,
355,Hisanori Takahashi\takahhi01,2010-12-02,Los Angeles Angels of Anaheim,NYM,36,1.2,1,51,16,0,1,0,0,0,0,.063,.063,.063,.125,10,6,3.61,1.303,53,12,8,122.0,116,13,43,114
356,Miguel Tejada\tejadmi01,2010-12-02,San Francisco Giants,SDP,37,4.5,14,2027,7956,1187,2285,300,1256,80,535,.287,.339,.462,.801,,,,,,,,,,,,
357,Javier Vazquez\vazquja01,2010-12-02,Florida Marlins,NYY,34,9.0,13,262,504,38,104,1,27,0,22,.206,.240,.246,.486,152,149,4.26,1.254,418,411,0,2647.1,2606,352,713,2374
358,Dusty Brown\browndu01,2010-12-01,Pittsburgh Pirates,BOS,29,0.2,2,13,15,1,4,1,3,0,1,.267,.313,.533,.846,,,,,,,,,,,,
359,Andy Marte\martean01,2010-12-01,Pittsburgh Pirates,CLE,27,-0.3,6,301,838,85,183,20,96,1,67,.218,.277,.358,.635,0,0,0.00,0.000,1,0,0,1.0,0,0,0,1
360,Jason Frasor\frasoja01,2010-11-30,Toronto Blue Jays,TOR,33,2.6,7,27,0,0,0,0,0,0,0,,,,,22,27,3.76,1.299,411,0,36,418.2,365,35,179,389
361,Brian Tallet\tallebr01,2010-11-30,St. Louis Cardinals,TOR,33,-0.4,8,16,5,0,0,0,0,0,0,.000,.000,.000,.000,16,23,4.65,1.440,223,36,0,446.2,437,54,206,327
362,Juan Uribe\uribeju01,2010-11-30,Los Angeles Dodgers,SFG,32,5.5,10,1256,4357,546,1114,151,599,39,264,.256,.300,.431,.731,,,,,,,,,,,,
363,Winston Abreu\abreuwi01,2010-11-29,Toronto Blue Jays,TBR,34,-0.2,4,,,,,,,,,,,,,,,,,,,,,,,,
364,Jimmy Barthmaier\barthji01,2010-11-29,Washington Nationals,WSN,27,-0.6,2,,,,,,,,,,,,,,,,,,,,,,,,
365,Brian Bruney\brunebr01,2010-11-29,Chicago White Sox,NYM,29,1.4,7,105,1,0,0,0,0,0,0,.000,.000,.000,.000,17,12,4.52,1.598,249,1,13,239.0,209,23,173,234
366,Luke Carlin\carlilu01,2010-11-29,Cleveland Indians,CLE,30,0.3,3,52,126,19,22,3,10,0,15,.175,.268,.286,.553,,,,,,,,,,,,
367,Jeff Gray\grayje02,2010-11-29,Chicago White Sox,CHC,29,-0.1,3,7,0,0,0,0,0,0,0,,,,,1,1,4.91,1.488,36,0,0,40.1,50,5,10,27
368,Matt Pagnozzi\pagnoma01,2010-11-29,Colorado Rockies,STL,28,0.4,2,21,42,5,14,1,10,0,3,.333,.391,.452,.844,,,,,,,,,,,,
369,Kyle Phillips\phillky01,2010-11-29,San Diego Padres,SDP,27,-0.1,1,5,18,1,5,0,2,0,0,.278,.278,.444,.722,,,,,,,,,,,,
370,Eddie Rogers\rogered01,2010-11-29,Arizona Diamondbacks,ARI,32,,8,,,,,,,,,,,,,,,,,,,,,,,,
371,Josh Rupe\rupejo01,2010-11-29,Baltimore Orioles,KCR,28,0.0,5,5,0,0,0,0,0,0,0,,,,,5,3,5.00,1.616,81,1,0,142.1,159,13,71,83
372,Scott Thorman\thormsc01,2010-11-29,Detroit Tigers,KCR,29,,4,,,,,,,,,,,,,,,,,,,,,,,,
373,Yorvit Torrealba\torreyo01,2010-11-29,Texas Rangers,SDP,32,2.5,10,669,2106,237,542,45,272,18,172,.257,.320,.388,.708,,,,,,,,,,,,
374,Brian Anderson\anderbr03,2010-11-27,New York Yankees,KCR,29,0.2,5,,,,,,,,,,,,,,,,,,,,,,,,
375,Jon Garland\garlajo01,2010-11-26,Los Angeles Dodgers,SDP,31,3.7,11,82,145,11,21,1,7,0,9,.145,.199,.172,.371,131,114,4.32,1.380,344,321,1,2029.1,2120,248,680,1096
376,Victor Martinez\martivi01,2010-11-26,Detroit Tigers,BOS,32,7.7,9,1004,3739,509,1120,131,638,3,411,.300,.369,.469,.838,,,,,,,,,,,,
377,Brandon Boggs\boggsbr01,2010-11-24,Milwaukee Brewers,TEX,28,0.1,3,114,307,30,65,8,41,3,46,.212,.318,.375,.692,,,,,,,,,,,,
378,Fabio Castro\castrfa01,2010-11-24,Seattle Mariners,BOS,26,,4,,,,,,,,,,,,,,,,,,,,,,,,
379,Charlie Haeger\haegech01,2010-11-24,Seattle Mariners,LAD,27,-1.4,5,18,11,0,1,0,1,0,1,.091,.154,.091,.245,2,7,6.40,1.747,34,10,1,83.0,86,13,59,69
380,Luis Rodriguez\rodrilu01,2010-11-24,Seattle Mariners,CHW,31,-0.7,5,363,855,90,208,8,66,5,94,.243,.316,.323,.639,,,,,,,,,,,,
381,Chris Smith\smithch08,2010-11-24,Seattle Mariners,MIL,30,0.0,3,36,2,0,0,0,0,0,1,.000,.333,.000,.333,1,0,5.19,1.330,50,0,0,67.2,63,17,27,52
382,Aubrey Huff\huffau01,2010-11-23,San Francisco Giants,SFG,34,8.1,11,1479,5505,754,1556,229,838,32,508,.283,.345,.476,.821,,,,,,,,,,,,
383,Chris Seddon\seddoch01,2010-11-23,Seattle Mariners,SEA,27,-0.2,2,7,3,0,0,0,0,0,0,.000,.000,.000,.000,1,2,7.03,1.639,21,4,0,39.2,50,6,15,26
384,Oscar Villarreal\villaos01,2010-11-23,Los Angeles Dodgers,PHI,29,-0.3,7,,,,,,,,,,,,,,,,,,,,,,,,
385,Dontrelle Willis\willido03,2010-11-23,Cincinnati Reds,SFG,29,-1.4,8,182,358,41,83,8,35,0,22,.232,.279,.355,.634,71,63,4.12,1.428,192,189,0,1146.0,1173,108,463,839
386,Wilkin Castillo\castiwi01,2010-11-22,Atlanta Braves,CIN,27,0.0,2,22,35,6,11,0,2,0,1,.314,.333,.343,.676,,,,,,,,,,,,
387,Dana Eveland\evelada01,2010-11-22,Los Angeles Dodgers,PIT,27,-0.2,6,45,13,0,1,0,0,0,1,.077,.143,.077,.220,16,22,5.74,1.739,95,54,1,330.2,401,24,174,222
388,Josh Kroeger\kroegjo01,2010-11-22,Florida Marlins,CHW,28,,6,,,,,,,,,,,,,,,,,,,,,,,,
389,Bobby Scales\scalebo01,2010-11-22,Chicago Cubs,CHC,33,0.1,2,61,137,19,34,3,17,1,18,.248,.342,.401,.743,,,,,,,,,,,,
390,Zack Segovia\segovza01,2010-11-22,Milwaukee Brewers,NYY,28,-0.2,3,,,,,,,,,,,,,,,,,,,,,,,,
391,Victor Garate\garatvi01,2010-11-20,Florida Marlins,WSN,26,-0.2,1,,,,,,,,,,,,,,,,,,,,,,,,
392,Enrique Gonzalez\gonzaen01,2010-11-20,Detroit Tigers,DET,28,0.2,5,30,32,3,9,0,3,0,0,.281,.281,.313,.594,4,8,5.54,1.443,47,18,0,141.1,148,19,56,81
393,Jesus Guzman\guzmaje01,2010-11-20,San Diego Padres,SFG,27,-0.2,1,12,20,0,5,0,0,0,0,.250,.250,.250,.500,,,,,,,,,,,,
394,Jon Huber\huberjo01,2010-11-20,Los Angeles Dodgers,LAD,29,,4,,,,,,,,,,,,,,,,,,,,,,,,
395,Frank Mata\matafr01,2010-11-20,Florida Marlins,BAL,27,-0.4,1,2,0,0,0,0,0,0,0,,,,,0,0,7.79,1.846,15,0,0,17.1,24,2,8,9
396,Scott Patterson\pattesc01,2010-11-20,Seattle Mariners,SEA,32,0.1,2,,,,,,,,,,,,,,,,,,,,,,,,
397,Chad Reineke\reinech01,2010-11-20,Cincinnati Reds,CIN,29,-0.1,2,4,6,1,1,0,1,0,0,.167,.167,.167,.333,2,1,5.48,1.435,5,4,0,23.0,21,3,12,14
398,Vinny Rottino\rottivi01,2010-11-20,Florida Marlins,FLA,31,0.0,3,18,24,1,5,0,4,1,1,.208,.240,.292,.532,,,,,,,,,,,,
399,Josh Barfield\barfijo02,2010-11-19,Philadelphia Phillies,SDP,28,-0.3,4,,,,,,,,,,,,,,,,,,,,,,,,
400,Joaquin Benoit\benoijo01,2010-11-19,Detroit Tigers,TBR,33,2.0,9,21,9,1,0,0,0,0,0,.000,.000,.000,.000,31,28,4.47,1.349,336,55,9,651.2,586,83,293,613
401,Neal Cotts\cottsne01,2010-11-19,New York Yankees,PIT,31,0.1,7,89,2,0,1,0,0,0,0,.500,.500,1.000,1.500,10,12,4.63,1.467,284,5,1,256.1,245,38,131,235
402,Ryan Feierabend\feierry01,2010-11-19,Philadelphia Phillies,SEA,25,-0.8,3,1,0,0,0,0,0,0,0,,,,,2,11,7.22,1.802,25,19,0,106.0,147,20,44,64
403,Brandon Moss\mossbr01,2010-11-19,Philadelphia Phillies,PIT,27,-1.1,4,244,672,74,160,15,78,2,60,.238,.303,.385,.688,,,,,,,,,,,,
404,Juan Perez\perezju01,2010-11-19,Philadelphia Phillies,LAD,32,,2,24,0,0,0,0,0,0,0,,,,,0,1,5.17,1.787,24,0,0,15.2,19,3,9,13
405,Jay Sborz\sborzja01,2010-11-19,Atlanta Braves,DET,26,-0.3,1,1,0,0,0,0,0,0,0,,,,,0,0,67.50,4.500,1,0,0,0.2,3,0,0,1
406,Raul Valdes\valdera02,2010-11-19,St. Louis Cardinals,NYM,33,0.1,1,36,10,1,4,0,1,0,0,.400,.400,.500,.900,3,3,4.91,1.466,38,1,1,58.2,59,7,27,56
407,Bryan LaHair\lahaibr01,2010-11-18,Chicago Cubs,CHC,28,-0.4,1,45,136,15,34,3,10,0,13,.250,.315,.346,.661,,,,,,,,,,,,
408,Jeff Larish\larisje01,2010-11-18,Philadelphia Phillies,OAK,28,-0.6,3,101,245,30,55,8,32,3,29,.224,.308,.380,.688,,,,,,,,,,,,
409,Jeff Bailey\baileje01,2010-11-17,Minnesota Twins,ARI,32,0.0,3,,,,,,,,,,,,,,,,,,,,,,,,
410,John Buck\buckjo01,2010-11-17,Florida Marlins,TOR,30,1.9,7,702,2322,271,565,90,325,4,167,.243,.301,.421,.722,,,,,,,,,,,,
411,Sean Kazmar Jr.\kazmase01,2010-11-17,Seattle Mariners,SDP,26,0.0,2,,,,,,,,,,,,,,,,,,,,,,,,
412,Dallas McPherson\mcpheda01,2010-11-17,Chicago White Sox,OAK,30,0.1,4,128,371,53,91,18,45,5,27,.245,.298,.458,.756,,,,,,,,,,,,
413,Jai Miller\milleja04,2010-11-17,Oakland Athletics,KCR,26,-0.3,2,21,56,5,13,1,4,1,4,.232,.295,.339,.634,,,,,,,,,,,,
414,Justin Miller\milleju01,2010-11-17,Seattle Mariners,LAD,33,1.0,7,161,8,0,0,0,0,0,0,.000,.000,.000,.000,24,14,4.82,1.501,216,33,0,375.2,377,49,187,300
415,Jeff Frazier\frazije01,2010-11-16,Washington Nationals,DET,28,-0.1,1,9,23,3,5,0,1,0,1,.217,.250,.261,.511,,,,,,,,,,,,
416,Esteban German\germaes01,2010-11-16,Texas Rangers,TEX,33,-0.8,9,398,1005,153,279,7,107,33,116,.278,.358,.381,.739,,,,,,,,,,,,
417,Anthony Lerew\lerewan01,2010-11-16,Oakland Athletics,KCR,28,-0.5,5,11,4,0,0,0,0,0,0,.000,.000,.000,.000,1,7,7.48,1.761,20,11,0,61.1,76,18,32,40
418,Scott Moore\mooresc02,2010-11-16,Chicago Cubs,BAL,27,-0.5,4,80,184,17,41,7,27,3,12,.223,.270,.370,.640,,,,,,,,,,,,
419,Jake Westbrook\westbja01,2010-11-16,St. Louis Cardinals,STL,33,2.6,10,26,39,1,5,0,2,0,2,.128,.171,.179,.350,73,75,4.29,1.375,233,193,0,1273.0,1354,113,396,711
420,Mitch Atkins\atkinmi01,2010-11-15,Baltimore Orioles,CHC,25,-0.1,2,7,2,0,0,0,0,0,0,.000,.000,.000,.000,0,0,5.25,1.583,7,0,0,12.0,13,2,6,10
421,Geoff Blum\blumge01,2010-11-15,Arizona Diamondbacks,HOU,38,0.0,12,1349,3889,437,975,97,468,19,325,.251,.311,.385,.696,,,,,,,,,,,,
422,Jose Contreras\contrjo01,2010-11-15,Philadelphia Phillies,PHI,39,3.4,8,82,29,1,0,0,0,0,3,.000,.094,.000,.094,77,67,4.55,1.364,258,175,4,1140.1,1145,129,410,856
423,Ramon Hernandez\hernara02,2010-11-15,Cincinnati Reds,CIN,35,1.8,12,1366,4575,532,1211,149,687,8,395,.265,.329,.418,.747,,,,,,,,,,,,
424,Hiroki Kuroda\kurodhi01,2010-11-15,Los Angeles Dodgers,LAD,36,6.4,3,79,137,5,14,0,2,0,9,.102,.158,.109,.267,28,30,3.60,1.177,83,82,0,497.0,471,40,114,362
425,Anthony Reyes\reyesan01,2010-11-15,Cleveland Indians,CLE,29,0.9,5,,,,,,,,,,,,,,,,,,,,,,,,
426,Steven Shell\shellst01,2010-11-15,Kansas City Royals,SEA,28,1.4,2,,,,,,,,,,,,,,,,,,,,,,,,
427,Eddie Bonine\bonined01,2010-11-12,Philadelphia Phillies,DET,30,0.0,3,4,2,0,0,0,0,0,0,.000,.000,.000,.000,7,3,4.74,1.543,62,10,0,129.0,160,17,39,54
428,Erik Kratz\kratzer01,2010-11-12,Philadelphia Phillies,PIT,31,-0.3,1,9,34,2,4,0,1,0,2,.118,.167,.118,.284,,,,,,,,,,,,
429,Yorman Bazardo\bazaryo01,2010-11-11,Minnesota Twins,HOU,26,-1.3,5,,,,,,,,,,,,,,,,,,,,,,,,
430,Kevin Cash\cashke01,2010-11-11,Texas Rangers,BOS,33,-1.3,8,246,641,51,117,12,58,0,49,.183,.248,.278,.526,0,0,9.00,3.000,1,0,0,1.0,3,0,0,0
431,Willie Collazo\collawi01,2010-11-11,Toronto Blue Jays,TOR,31,,3,,,,,,,,,,,,,,,,,,,,,,,,
432,Carlos Corporan\corpoca01,2010-11-11,Houston Astros,ARI,27,0.0,1,1,1,1,1,0,0,0,0,1.000,1.000,1.000,2.000,,,,,,,,,,,,
433,Hector Gimenez\gimenhe01,2010-11-11,Los Angeles Dodgers,PIT,28,,1,2,2,0,0,0,0,0,0,.000,.000,.000,.000,,,,,,,,,,,,
434,Mike Hinckley\hinckmi01,2010-11-11,Toronto Blue Jays,BAL,28,0.9,2,,,,,,,,,,,,,,,,,,,,,,,,
435,Mike O'Connor\oconnmi01,2010-11-11,New York Mets,NYM,30,-1.0,2,25,33,2,2,0,1,0,1,.061,.088,.061,.149,4,9,5.45,1.430,26,21,0,114.0,107,18,56,63
436,Yusmeiro Petit\petityu01,2010-11-11,Seattle Mariners,SEA,26,-0.1,4,70,61,3,3,0,1,0,1,.049,.065,.049,.114,10,20,5.57,1.422,71,36,0,229.1,251,50,75,176
437,Corky Miller\milleco01,2010-11-10,Cincinnati Reds,CIN,35,-0.2,10,199,504,41,95,11,59,1,44,.188,.270,.300,.570,,,,,,,,,,,,
438,Pete Orr\orrpe01,2010-11-10,Philadelphia Phillies,WSN,32,0.2,5,347,519,80,135,3,35,13,19,.260,.287,.335,.623,,,,,,,,,,,,
439,Fernando Rodriguez Jr.\rodrife02,2010-11-10,Houston Astros,LAA,27,-0.1,1,0,0,0,0,0,0,0,0,,,,,0,0,27.00,4.500,1,0,0,0.2,1,1,2,1
440,Cory Wade\wadeco01,2010-11-10,Tampa Bay Rays,LAD,28,1.2,2,78,2,0,0,0,0,0,1,.000,.333,.000,.333,4,4,3.18,1.051,82,0,0,99.0,79,10,25,69
441,Eric Hacker\hackeer01,2010-11-09,Minnesota Twins,SFG,28,0.0,1,3,0,0,0,0,0,0,0,,,,,0,0,6.00,2.000,3,0,0,3.0,4,0,2,1
442,Rich Thompson\thompri02,2010-11-09,Philadelphia Phillies,PHI,32,,1,6,1,1,0,0,0,1,0,.000,.000,.000,.000,,,,,,,,,,,,
443,Ross Wolf\wolfro01,2010-11-09,Houston Astros,OAK,28,0.0,2,14,1,0,0,0,0,0,0,.000,.000,.000,.000,0,1,7.92,1.800,25,0,0,25.0,36,5,9,15
444,Brent Clevlen\clevlbr01,2010-11-08,Atlanta Braves,ATL,27,-0.1,4,59,77,17,18,3,7,0,5,.234,.280,.429,.709,,,,,,,,,,,,
445,Mike Parisi\parismi01,2010-11-08,Chicago Cubs,CHC,28,-1.0,2,,,,,,,,,,,,,,,,,,,,,,,,
446,Jhonny Peralta\peraljh01,2010-11-08,Detroit Tigers,DET,29,7.2,8,980,3652,500,961,111,494,9,350,.263,.328,.420,.748,,,,,,,,,,,,
447,Max St. Pierre\stpiema01,2010-11-08,Detroit Tigers,DET,31,-0.1,1,6,9,1,2,0,0,0,0,.222,.222,.333,.556,,,,,,,,,,,,
448,Justin Thomas\thomaju01,2010-11-08,Pittsburgh Pirates,PIT,27,-0.1,2,10,1,0,0,0,0,0,0,.000,.000,.000,.000,0,2,6.35,2.176,20,0,0,17.0,30,3,7,7
449,Anderson Hernandez\hernaan01,2010-11-07,Houston Astros,HOU,28,0.7,6,240,643,69,155,4,60,10,55,.241,.300,.314,.614,,,,,,,,,,,,
450,Willie Eyre\eyrewi01,2010-11-05,Oakland Athletics,TEX,32,0.2,3,5,1,0,0,0,0,0,0,.000,.000,.000,.000,5,6,5.14,1.589,92,2,1,145.1,171,16,60,76
451,Casey Fien\fienca01,2010-11-05,Houston Astros,DET,27,-0.4,2,0,0,0,0,0,0,0,0,,,,,0,1,8.36,1.643,11,0,0,14.0,17,4,6,9
452,Angel Guzman\guzmaan01,2010-11-05,Chicago Cubs,CHC,29,1.6,4,,,,,,,,,,,,,,,,,,,,,,,,
453,Jay Gibbons\gibboja01,2010-11-04,Los Angeles Dodgers,LAD,34,-0.5,8,816,2862,359,745,126,422,2,219,.260,.314,.455,.769,,,,,,,,,,,,
454,Omar Vizquel\vizquom01,2010-11-02,Chicago White Sox,CHW,44,0.6,22,2850,10266,1414,2799,80,936,400,1012,.273,.338,.354,.692,,,,,,,,,,,,
455,Justin Lehr\lehrju01,2010-10-29,Cincinnati Reds,CIN,33,-0.1,6,,,,,,,,,,,,,,,,,,,,,,,,
456,Sean Henn\hennse01,2010-10-26,Toronto Blue Jays,TOR,30,-0.4,5,8,1,0,0,0,0,0,0,.000,.000,.000,.000,2,9,7.56,2.012,60,5,0,81.0,99,14,64,62
457,Brian Esposito\esposbr01,2010-10-25,Houston Astros,HOU,32,-0.1,2,3,3,0,0,0,0,0,0,.000,.000,.000,.000,,,,,,,,,,,,
458,Donnie Murphy\murphdo01,2010-10-18,Florida Marlins,FLA,28,0.2,5,156,369,45,76,13,61,4,32,.206,.275,.385,.659,,,,,,,,,,,,
459,Mike Rivera\rivermi02,2010-10-14,Milwaukee Brewers,FLA,34,0.4,8,188,542,51,129,13,69,3,43,.238,.302,.373,.674,,,,,,,,,,,,
460,Akinori Iwamura\iwamuak01,2010-09-13,Oakland Athletics,PIT,32,2.3,4,408,1545,222,413,16,117,32,183,.267,.345,.375,.720,,,,,,,,,,,,